DATE,USRECQ,UNEMP,CPI,GDP,STOCKS,TREASURY,FEDFUND
1854-10-01,1,,,,,,
1855-01-01,0,,,,,,
1855-04-01,0,,,,,,
1855-07-01,0,,,,,,
1855-10-01,0,,,,,,
1856-01-01,0,,,,,,
1856-04-01,0,,,,,,
1856-07-01,0,,,,,,
1856-10-01,0,,,,,,
1857-01-01,0,,,,,,
1857-04-01,0,,,,,,
1857-07-01,1,,,,,,
1857-10-01,1,,,,,,
1858-01-01,1,,,,,,
1858-04-01,1,,,,,,
1858-07-01,1,,,,,,
1858-10-01,1,,,,,,
1859-01-01,0,,,,,,
1859-04-01,0,,,,,,
1859-07-01,0,,,,,,
1859-10-01,0,,,,,,
1860-01-01,0,,,,,,
1860-04-01,0,,,,,,
1860-07-01,0,,,,,,
1860-10-01,1,,,,,,
1861-01-01,1,,,,,,
1861-04-01,1,,,,,,
1861-07-01,1,,,,,,
1861-10-01,0,,,,,,
1862-01-01,0,,,,,,
1862-04-01,0,,,,,,
1862-07-01,0,,,,,,
1862-10-01,0,,,,,,
1863-01-01,0,,,,,,
1863-04-01,0,,,,,,
1863-07-01,0,,,,,,
1863-10-01,0,,,,,,
1864-01-01,0,,,,,,
1864-04-01,0,,,,,,
1864-07-01,0,,,,,,
1864-10-01,0,,,,,,
1865-01-01,0,,,,,,
1865-04-01,1,,,,,,
1865-07-01,1,,,,,,
1865-10-01,1,,,,,,
1866-01-01,1,,,,,,
1866-04-01,1,,,,,,
1866-07-01,1,,,,,,
1866-10-01,1,,,,,,
1867-01-01,1,,,,,,
1867-04-01,1,,,,,,
1867-07-01,1,,,,,,
1867-10-01,1,,,,,,
1868-01-01,1,,,,,,
1868-04-01,0,,,,,,
1868-07-01,0,,,,,,
1868-10-01,0,,,,,,
1869-01-01,0,,,,,,
1869-04-01,0,,,,,,
1869-07-01,1,,,,,,
1869-10-01,1,,,,,,
1870-01-01,1,,,,,,
1870-04-01,1,,,,,,
1870-07-01,1,,,,,,
1870-10-01,1,,,,,,
1871-01-01,0,,,,,,
1871-04-01,0,,,,6.55447,,
1871-07-01,0,,,,-0.41563,,
1871-10-01,0,,,,-2.58765,,
1872-01-01,0,,,,5.74122,,
1872-04-01,0,,,,4.94327,,
1872-07-01,0,,,,-2.77992,,
1872-10-01,0,,,,-0.556,,
1873-01-01,0,,,,2.63578,,
1873-04-01,0,,,,-2.25681,,
1873-07-01,0,,,,-3.42357,,
1873-10-01,1,,,,-12.94312,,
1874-01-01,1,,,,12.21591,,
1874-04-01,1,,,,-4.47257,,
1874-07-01,1,,,,-0.53004,,
1874-10-01,1,,,,1.15453,,
1875-01-01,1,,,,0.0878,,
1875-04-01,1,,,,-1.22807,,
1875-07-01,1,,,,-2.57549,,
1875-10-01,1,,,,-0.91158,,
1876-01-01,1,,,,3.58786,,
1876-04-01,1,,,,-6.2167,,
1876-07-01,1,,,,-7.48106,,
1876-10-01,1,,,,-7.26714,,
1877-01-01,1,,,,-7.17439,,
1877-04-01,1,,,,-14.26873,,
1877-07-01,1,,,,5.40915,,
1877-10-01,1,,,,7.63158,,
1878-01-01,1,,,,-1.46699,,
1878-04-01,1,,,,4.4665,,
1878-07-01,1,,,,3.44418,,
1878-10-01,1,,,,-0.57405,,
1879-01-01,1,,,,5.42725,,
1879-04-01,0,,,,6.90033,,
1879-07-01,0,,,,5.7377,,
1879-10-01,0,,,,17.63566,,
1880-01-01,0,,,,7.33114,,
1880-04-01,0,,,,-5.44896,,
1880-07-01,0,,,,4.46429,,
1880-10-01,0,,,,9.09091,,
1881-01-01,0,,,,10.68376,,
1881-04-01,0,,,,3.79665,,
1881-07-01,0,,,,-2.54185,,
1881-10-01,0,,,,-2.4173,,
1882-01-01,0,,,,-4.56323,,
1882-04-01,1,,,,-1.91257,,
1882-07-01,1,,,,7.24234,,
1882-10-01,1,,,,-3.7013,,
1883-01-01,1,,,,-2.96696,,
1883-04-01,1,,,,1.38985,,
1883-07-01,1,,,,-4.45511,,
1883-10-01,1,,,,-3.01291,,
1884-01-01,1,,,,-2.36686,,
1884-04-01,1,,,,-10.98485,,
1884-07-01,1,,,,-1.95745,,
1884-10-01,1,,,,-4.94792,,
1885-01-01,1,,,,-1.27854,,
1885-04-01,1,,,,0.18501,,
1885-07-01,0,,,,6.6482,,
1885-10-01,0,,,,10.99567,,
1886-01-01,0,,,,2.18409,,
1886-04-01,0,,,,-1.98473,,
1886-07-01,0,,,,5.29595,,
1886-10-01,0,,,,5.47337,,
1887-01-01,0,,,,-1.68303,,
1887-04-01,0,,,,3.78031,,
1887-07-01,1,,,,-5.91065,,
1887-10-01,1,,,,-3.94449,,
1888-01-01,1,,,,-0.53232,,
1888-04-01,0,,,,-2.52294,,
1888-07-01,0,,,,3.13725,,
1888-10-01,0,,,,-0.15209,,
1889-01-01,0,,,,-0.07616,,
1889-04-01,0,,,,1.37195,,
1889-07-01,0,,,,1.50376,,
1889-10-01,0,,,,-0.51852,,
1890-01-01,0,,,,-0.59568,,
1890-04-01,0,,,,3.82022,,
1890-07-01,0,,,,-1.8759,,
1890-10-01,1,,,,-11.69118,,
1891-01-01,1,,,,0.99917,,
1891-04-01,1,,,,1.6488,,
1891-07-01,0,,,,1.86537,,
1891-10-01,0,,,,6.44904,,
1892-01-01,0,,,,3.59013,,
1892-04-01,0,,,,0.57762,,
1892-07-01,0,,,,-0.14358,,
1892-10-01,0,,,,0,,
1893-01-01,0,,,,-1.50971,,
1893-04-01,1,,,,-10.21898,,
1893-07-01,1,,,,-14.39024,,
1893-10-01,1,,,,6.74264,,
1894-01-01,1,,,,-2.04626,,
1894-04-01,1,,,,0.81744,,
1894-07-01,0,,,,-0.99099,,
1894-10-01,0,,,,-1.54686,,
1895-01-01,0,,,,-2.5878,,
1895-04-01,0,,,,8.25427,,
1895-07-01,0,,,,4.82033,,
1895-10-01,0,,,,-4.59866,,
1896-01-01,1,,,,-4.11919,,
1896-04-01,1,,,,0.36563,,
1896-07-01,1,,,,-9.74499,,
1896-10-01,1,,,,6.96266,,
1897-01-01,1,,,,-0.75472,,
1897-04-01,1,,,,-1.3308,,
1897-07-01,0,,,,14.25819,,
1897-10-01,0,,,,0.16863,,
1898-01-01,0,,,,1.26263,,
1898-04-01,0,,,,0.58188,,
1898-07-01,0,,,,7.68595,,
1898-10-01,0,,,,3.45357,,
1899-01-01,0,,,,16.54303,,
1899-04-01,0,,,,-0.19096,,
1899-07-01,0,,,,1.59439,,
1899-10-01,1,,,,-1.31827,,
01-01-1900,1,,,,-1.33588,,
01-04-1900,1,,,,-1.74081,,
01-07-1900,1,,,,-3.54331,,
01-10-1900,1,,,,10.06803,,
01-01-1901,0,,,,12.60816,,
01-04-1901,0,,,,11.69045,,
01-07-1901,0,,,,-1.67076,,
01-10-1901,0,,,,-0.04998,,
01-01-1902,0,,,,2.35,,
01-04-1902,0,,,,3.41964,,
01-07-1902,0,,,,3.7317,,
01-10-1902,0,,,,-5.55556,,
01-01-1903,1,,,,0.48216,,
01-04-1903,1,,,,-9.6929,,
01-07-1903,1,,,,-11.53029,,
01-10-1903,1,,,,-4.14414,,
01-01-1904,1,,,,2.94486,,
01-04-1904,1,,,,-0.30432,,
01-07-1904,1,,,,7.50916,,
01-10-1904,0,,,,14.48041,,
01-01-1905,0,,,,8.77976,,
01-04-1905,0,,,,-0.68399,,
01-07-1905,0,,,,4.91276,,
01-10-1905,0,,,,3.19475,,
01-01-1906,0,,,,3.68957,,
01-04-1906,0,,,,-4.53988,,
01-07-1906,0,,,,3.25621,,
01-10-1906,0,,,,3.07054,,
01-01-1907,0,,,,-8.49436,,
01-04-1907,0,,,,-10.47074,,
01-07-1907,1,,,,-5.01229,,
01-10-1907,1,,,,-15.88205,,
01-01-1908,1,,,,4.42804,,
01-04-1908,1,,,,10.83628,,
01-07-1908,0,,,,8.18278,,
01-10-1908,0,,,,7.26916,,
01-01-1909,0,,,,2.60989,,
01-04-1909,0,,,,7.22892,,
01-07-1909,0,,,,5.49313,,
01-10-1909,0,,,,1.30178,,
01-01-1910,0,,,,-3.03738,,
01-04-1910,1,,,,-4.65863,,
01-07-1910,1,,,,-7.03454,,
01-10-1910,1,,,,4.8029,,
01-01-1911,1,,,,1.34025,,
01-04-1911,1,,,,1.45051,,
01-07-1911,1,,,,-3.36417,,
01-10-1911,1,,,,-2.08877,,
01-01-1912,0,,,,2,,
01-04-1912,0,,,,4.61874,,
01-07-1912,0,,,,1.95752,,
01-10-1912,0,,,,-1.18464,,
01-01-1913,0,,,,-6.53162,,
01-04-1913,1,,,,-5.97081,,
01-07-1913,1,,,,-0.94073,,
01-10-1913,1,,,,-3.27635,,
01-01-1914,1,,,,3.24006,,
01-04-1914,1,,,,-3.18592,,
01-07-1914,1,,,,-5.84479,,
01-10-1914,1,,,,-4.22535,,
01-01-1915,0,,,,1.57952,,
01-04-1915,0,,,,7.66756,,
01-07-1915,0,,,,5.82669,,
01-10-1915,0,,,,12.32941,,
01-01-1916,0,,,,-1.38249,,
01-04-1916,0,,,,0,,
01-07-1916,0,,,,1.82668,,
01-10-1916,0,,,,6.34126,,
01-01-1917,0,,,,-6.98313,,
01-04-1917,0,,,,-2.99452,,
01-07-1917,0,,,,-6,,
01-10-1917,0,,,,-15.40241,,
01-01-1918,0,,,,1.85894,,
01-04-1918,0,,,,0.80515,,
01-07-1918,0,,,,2.39617,,
01-10-1918,1,,,,5.25221,,
01-01-1919,1,,,,0.14822,,
01-04-1919,0,,,,11.39615,,
01-07-1919,0,,,,3.10009,,
01-10-1919,0,,,,0.68729,,
01-01-1920,0,,,,-7.2099,,
01-04-1920,1,,,,-3.95402,,
01-07-1920,1,,,,-4.88272,,
01-10-1920,1,,,,-5.13337,,
01-01-1921,1,,,,-5.09284,,
01-04-1921,1,,,,-2.23589,,
01-07-1921,1,,,,-4.80274,,
01-10-1921,0,,,,7.50751,,
01-01-1922,0,,,,6.81564,,
01-04-1922,0,,,,11.97699,,
01-07-1922,0,,,,2.42877,,
01-10-1922,0,,,,4.01277,,
01-01-1923,0,,,,2.84963,,
01-04-1923,0,,,,-5.41347,,
01-07-1923,1,,,,-6.895,,
01-10-1923,1,,,,2.22652,,
01-01-1924,1,,,,6.20265,,
01-04-1924,1,,,,-3.03165,,
01-07-1924,1,,,,7.90805,,
01-10-1924,0,,,,4.72944,,
01-01-1925,0,,,,9.39788,,
01-04-1925,0,,,,0.18594,,
01-07-1925,0,,,,6.79287,,
01-10-1925,0,,,,8.13347,,
01-01-1926,0,,,,1.63934,,
01-04-1926,0,,,,-5.40797,,
01-07-1926,0,,,,8.45871,,
01-10-1926,1,,,,0.95561,,
01-01-1927,1,,,,4,,
01-04-1927,1,,,,5.63711,,
01-07-1927,1,,,,7.67093,,
01-10-1927,1,,,,6.14352,,
01-01-1928,0,,,,3.89105,,
01-04-1928,0,,,,9.57397,,
01-07-1928,0,,,,1.3245,,
01-10-1928,0,,,,11.68037,,
01-01-1929,0,,,,11.79913,,
01-04-1929,0,,,,0.75988,,
01-07-1929,0,,,,15.13323,,
01-10-1929,1,,,,-22.12518,,
01-01-1930,1,,,,-2.46729,,
01-04-1930,1,,,,2.05059,,
01-07-1930,1,,,,-11.60563,,
01-10-1930,1,,,,-20.67134,,
01-01-1931,1,,,,0,,
01-04-1931,1,,,,-14.51527,,
01-07-1931,1,,,,-8.89724,,
01-10-1931,1,,,,-27.64787,,
01-01-1932,1,,,,-14.02091,,
01-04-1932,1,,,,-31.34328,,
01-07-1932,1,,,,25.36232,,
01-10-1932,1,,,,-1.7341,,
01-01-1933,1,,,,-5.29412,,
01-04-1933,0,,,,35.05866,,
01-07-1933,0,,,,24.32294,,
01-10-1933,0,,,,-9.33005,,
01-01-1934,0,,,,11.60471,,
01-04-1934,0,,,,-3.53371,,
01-07-1934,0,,,,-8.33684,,
01-10-1934,0,,,,-0.09187,,
01-01-1935,0,,,,-2.02299,,
01-04-1935,0,,,,7.36743,,
01-07-1935,0,,,,14.33566,,
01-10-1935,0,,,,11.42966,,
01-01-1936,0,,,,14.8199,,
01-04-1936,0,,,,-0.89633,,
01-07-1936,0,,,,7.29575,,
01-10-1936,0,,,,8.93509,,
01-01-1937,0,,,,4.92649,,
01-04-1937,0,,,,-8.80039,,
01-07-1937,1,,,,-1.80593,,
01-10-1937,1,,,,-26.54406,,
01-01-1938,1,,,,-5.90433,,
01-04-1938,1,,,,-6.98967,,
01-07-1938,0,,,,18.36038,,
01-10-1938,0,,,,6.42136,,
01-01-1939,0,,,,-2.33898,,
01-04-1939,0,,,,-8.60812,,
01-07-1939,0,,,,7.17812,,
01-10-1939,0,,,,5.10276,,
01-01-1940,0,,,,-1.92178,,
01-04-1940,0,,,,-10.17532,,
01-07-1940,0,,,,-5.12821,,
01-10-1940,0,,,,3.91287,,
01-01-1941,0,,,,-4.73602,,
01-04-1941,0,,,,-4.44173,,
01-07-1941,0,,,,6.60981,,
01-10-1941,0,,,,-8.16,,
01-01-1942,0,,,,-9.40767,,
01-04-1942,0,,,,-7.40385,,
01-07-1942,0,,,,6.9055,,
01-10-1942,0,,,,9.42205,,
01-01-1943,0,,,,12.16156,,
01-04-1943,0,,,,12.06965,,
01-07-1943,0,,,,1.87147,,
01-10-1943,0,,,,-3.63951,,
01-01-1944,0,,,,2.73381,,
01-04-1944,0,,,,2.87115,,
01-07-1944,0,,,,4.73111,,
01-10-1944,0,,,,1.03997,,
01-01-1945,0,,,,7.17272,,
01-04-1945,1,,,,6.03241,,
01-07-1945,1,,,,2.57571,,
01-10-1945,1,,,,12.74834,,
01-01-1946,0,,,,5.21292,,
01-04-1946,0,,,,6.79228,,
01-07-1946,0,,,,-8.21172,,
01-10-1946,0,,,,-12.57712,,
01-01-1947,0,,,,2.49729,,
01-04-1947,0,,,1.15313,-6.35593,,
01-07-1947,0,,0.715587778,1.47052,5.62783,,
01-10-1947,0,,0.792276667,4.07076,-0.64257,,
01-01-1948,0,,0.727175556,2.3088,-5.49717,,
01-04-1948,0,1.240740741,0.599412222,2.56828,11.20616,,
01-07-1948,0,1.251851852,0.262278889,2.43206,-1.35897,,
01-10-1948,0,1.362962963,-0.020652222,0.41906,-4.44502,,
01-01-1949,1,1.596296296,-0.219806667,-1.9018,-3.1012,,
01-04-1949,1,1.914814815,-0.211007778,-1.33911,-2.24593,,
01-07-1949,1,2.17037037,-0.131837778,0.56679,4.36531,,
01-10-1949,1,2.22962963,-0.153902222,-0.82891,7.0721,,
01-01-1950,0,2.103703704,0.023806667,3.76939,5.52557,,
01-04-1950,0,1.844444444,0.2545,3.40244,6.08865,,
01-07-1950,0,1.603703704,0.513884444,6.1195,0.34435,,
01-10-1950,0,1.374074074,0.880554444,3.82667,8.05308,,
01-01-1951,0,1.203703704,0.784507778,5.01805,8.74444,,
01-04-1951,0,1.085185185,0.553852222,2.40774,0.83723,,
01-07-1951,0,1.07037037,0.266627778,2.12008,4.57617,,
01-10-1951,0,1.066666667,0.20075,1.36403,0.6647,,
01-01-1952,0,1.044444445,0.235902222,1.02252,1.87087,,
01-04-1952,0,1.02962963,0.147173333,0.33628,-0.07202,,
01-07-1952,0,1.003703704,0.117452222,1.84777,2.95495,,
01-10-1952,0,0.974074074,0.056101111,3.56567,-0.21001,,
01-01-1953,0,0.9,0.022331111,1.88229,3.73553,,
01-04-1953,0,0.888888889,0.061117778,0.97144,-4.9197,,
01-07-1953,1,1,0.112343333,-0.14754,-1.84922,,
01-10-1953,1,1.3,0.096773333,-1.3296,1.73913,,
01-01-1954,1,1.640740741,0.027623333,-0.16193,6.8198,,
01-04-1954,1,1.892592593,-0.020596667,0.20138,8.96816,,
01-07-1954,0,1.9,-0.081264444,1.26256,8.00061,,
01-10-1954,0,1.781481481,-0.048174444,2.23481,7.67705,,
01-01-1955,0,1.607407407,-0.034476667,3.33697,8.44515,,0.052222222
01-04-1955,0,1.47037037,0.008326667,2.04782,5.76177,,0.105925926
01-07-1955,0,1.414814815,0.026296667,2.06129,8.9001,,0.112592593
01-10-1955,0,1.374074074,0.042881111,1.59709,0.54766,,0.109259259
01-01-1956,0,1.385185185,0.107656667,0.60719,4.11648,,0.083703704
01-04-1956,0,1.374074074,0.18953,1.42446,4.20523,,0.05037037
01-07-1956,0,1.385185185,0.28306,1.16163,2.08534,,0.049259259
01-10-1956,0,1.355555555,0.301395556,2.05501,-4.41649,,0.026666667
01-01-1957,0,1.351851852,0.280995556,2.02318,-2.03622,,0.021111111
01-04-1957,0,1.362962963,0.285245556,0.4781,4.62989,,0.034074074
01-07-1957,0,1.474074074,0.247556667,1.58148,-1.14782,,0.035555556
01-10-1957,1,1.718518518,0.284603333,-0.96478,-10.67214,,-0.126296296
01-01-1958,1,2.066666667,0.260197778,-1.54234,1.74101,,-0.254814815
01-04-1958,1,2.333333333,0.200068889,0.94922,2.90527,,-0.214444444
01-07-1958,0,2.340740741,0.079881111,2.93721,10.06085,,0.033333333
01-10-1958,0,2.17037037,0.024322222,2.82273,9.60307,,0.181111111
01-01-1959,0,1.922222222,0.049884444,2.15692,7.74026,1.158289648,0.195555556
01-04-1959,0,1.8,0.095741111,2.41471,4.86404,1.191694658,0.157037037
01-07-1959,0,1.774074074,0.143786667,0.45556,4.23349,0.8814161,0.157777778
01-10-1959,0,1.777777778,0.134714444,0.67919,-0.19093,0.248136342,0.094444444
01-01-1960,0,1.774074074,0.144104444,2.65759,-2.56506,0.520221015,0.013333333
01-04-1960,0,1.766666667,0.083126667,-0.28895,-1.31078,1.20157972,-0.117037037
01-07-1960,1,1.892592593,0.144383333,0.83611,-1.68085,1.426176852,-0.181851852
01-10-1960,1,2.066666667,0.099994444,-0.99101,-2.99015,1.534240294,-0.188148148
01-01-1961,1,2.22962963,0.090008889,0.89245,8.90287,1.389773488,-0.133703704
01-04-1961,0,2.285185185,0.06212,1.9315,5.97101,1.440998377,-0.068148148
01-07-1961,0,2.218518519,0.055811111,2.18146,2.4621,1.630988813,0.044074074
01-10-1961,0,2.066666667,0.102758889,2.28093,1.69173,1.463520371,0.08037037
01-01-1962,0,1.92962963,0.101128889,2.30808,-1.15342,1.236369689,0.102592593
01-04-1962,0,1.859259259,0.116916667,1.06951,-10.54229,1.099888657,0.04962963
01-07-1962,0,1.848148148,0.100577778,1.44262,-6.57285,1.089725795,0.051851852
01-10-1962,0,1.874074074,0.094105556,0.53413,4.29684,1.030488057,0.04
01-01-1963,0,1.892592593,0.082898889,1.53394,9.07662,0.924482535,0.012962963
01-04-1963,0,1.888888889,0.123941111,1.29972,5.95219,0.960177908,0.045185185
01-07-1963,0,1.866666667,0.118727778,2.33298,0.29435,0.666210285,0.054074074
01-10-1963,0,1.837037037,0.143758889,1.47321,4.51747,0.543150635,0.055555556
01-01-1964,0,1.803703704,0.093793333,2.42898,5.82619,0.568748652,0.017777778
01-04-1964,0,1.740740741,0.088757778,1.32155,3.35288,0.643793439,0.00037037
01-07-1964,0,1.685185185,0.094358889,1.9681,3.30667,0.61648467,0.012592593
01-10-1964,0,1.651851852,0.11083,0.76413,3.1041,0.403710779,0.054074074
01-01-1965,0,1.614814815,0.156744444,2.93567,2.2391,0.220130133,0.069259259
01-04-1965,0,1.548148148,0.138385556,1.72766,1.21347,0.240698815,0.055555556
01-07-1965,0,1.459259259,0.162585556,2.62014,-1.1042,0.287596332,0.021111111
01-10-1965,0,1.37037037,0.195385556,3.00725,6.33397,0.203766323,0.053333333
01-01-1966,0,1.311111111,0.263001111,3.09345,1.27012,0.040861206,0.092962963
01-04-1966,0,1.274074074,0.300577778,1.16207,-5.75807,0.0750703,0.138148148
01-07-1966,0,1.255555556,0.2876,1.82079,-8.74215,-0.03956246,0.111481481
01-10-1966,0,1.255555556,0.21521,1.66708,-4.00633,-0.349607128,-0.01
01-01-1967,0,1.262962963,0.186407778,1.30421,6.46738,-0.045590528,-0.157777778
01-04-1967,0,1.274074074,0.207235556,0.57015,3.35736,1.074470402,-0.185555556
01-07-1967,0,1.281481481,0.300692222,1.91405,3.78506,0.839015288,-0.072222222
01-10-1967,0,1.27037037,0.342645556,1.87302,-2.3583,0.765295772,0.088888889
01-01-1968,0,1.244444444,0.339271111,3.17072,-3.51256,0.423636631,0.232222222
01-04-1968,0,1.203703704,0.367806667,2.74438,5.40298,0.067434516,0.197037037
01-07-1968,0,1.166666667,0.396012222,1.76391,0.23767,0.121002956,0.125185185
01-10-1968,0,1.148148148,0.4236,1.80948,6.38459,0.024414195,0.064814815
01-01-1969,0,1.137037037,0.448997778,2.61428,,-0.097948928,0.264444444
01-04-1969,0,1.155555556,0.463916667,1.57882,,-0.029457374,0.340740741
01-07-1969,0,1.174074074,0.498511111,2.07488,,-0.392924117,0.263703704
01-10-1969,0,1.255555556,0.500741111,0.79528,,-0.30032143,0.027407407
01-01-1970,1,1.388888889,0.503792222,1.25734,,-0.079877674,-0.121851852
01-04-1970,1,1.566666667,0.448356667,1.53872,,0.827676928,-0.248148148
01-07-1970,1,1.751851852,0.431884444,1.75046,,0.9411537,-0.334074074
01-10-1970,1,1.881481481,0.369875556,0.2347,,1.350704389,-0.447777778
01-01-1971,0,1.962962963,0.356855556,4.27592,,2.084651303,-0.237777778
01-04-1971,0,1.985185185,0.305834444,1.8601,4.29486,1.890478396,-0.01
01-07-1971,0,1.985185185,0.294206667,1.85112,-2.70577,1.33836589,0.099259259
01-10-1971,0,1.97037037,0.282518889,1.07177,-0.86613,1.554807442,-0.113333333
01-01-1972,0,1.933333333,0.243918889,3.38672,11.04184,2.51827309,-0.130740741
01-04-1972,0,1.892592593,0.25105,2.90588,2.25563,2.284169684,-0.000740741
01-07-1972,0,1.848148148,0.275536667,1.91074,0.30622,1.964998834,0.177777778
01-10-1972,0,1.762962963,0.378692222,2.97063,4.36247,1.381024305,0.248518518
01-01-1973,0,1.692592593,0.522038889,3.6561,-4.21411,0.739461447,0.341481481
01-04-1973,0,1.62962963,0.626405556,2.64227,-9.17473,-0.002497455,0.601481481
01-07-1973,0,1.611111111,0.73265,1.41107,3.07921,-1.413835554,0.384444444
01-10-1973,0,1.633333333,0.830864444,2.96066,-6.27699,-0.997953314,0.167407407
01-01-1974,1,1.677777778,0.909225556,1.01064,-4.84253,-0.821072694,0.076666667
01-04-1974,1,1.774074074,0.940807778,2.60507,-10.35066,-0.897290604,0.232592593
01-07-1974,1,1.937037037,0.951411111,1.95875,-19.25606,-0.51688695,0.002592593
01-10-1974,1,2.277777778,0.891341111,2.54182,-1.01217,0.066255635,-0.54962963
01-01-1975,1,2.637037037,0.712543333,1.02752,15.29596,1.623805164,-0.741111111
01-04-1975,0,2.844444445,0.594126667,2.21129,13.58245,2.506111449,-0.354074074
01-07-1975,0,2.848148148,0.561397778,3.50921,-4.92508,1.774334143,-0.098888889
01-10-1975,0,2.722222222,0.554857778,3.0419,2.79946,2.276059045,-0.065925926
01-01-1976,0,2.622222222,0.431462222,3.32926,13.34317,2.705636469,-0.107037037
01-04-1976,0,2.559259259,0.404016667,1.74926,0.83051,2.475859114,-0.014444444
01-07-1976,0,2.562962963,0.43828,1.84772,1.54355,2.439591391,0.005185185
01-10-1976,0,2.555555556,0.54277,2.52921,0.8749,2.39496501,-0.05962963
01-01-1977,0,2.488888889,0.55941,2.81113,-1.65945,2.603434535,-0.014074074
01-04-1977,0,2.392592593,0.551541111,3.38225,-0.47421,2.401875801,0.105185185
01-07-1977,0,2.3,0.511423333,3.04313,-0.52175,1.704961712,0.205925926
01-10-1977,0,2.211111111,0.508741111,2.16179,-2.20685,1.304622987,0.177777778
01-01-1978,0,2.111111111,0.607676667,1.77843,-4.37561,1.421377959,0.162592593
01-04-1978,0,2.040740741,0.702452222,5.85052,10.2985,1.643991482,0.176296296
01-07-1978,0,1.992592593,0.769457778,2.71998,7.39194,0.935042473,0.314074074
01-10-1978,0,1.977777778,0.796634444,3.41938,-8.46627,-0.061975134,0.31
01-01-1979,0,1.940740741,0.891346667,2.00493,6.63385,-0.638140612,0.231111111
01-04-1979,0,1.937037037,0.991,2.55825,3.99332,-0.624517473,0.151481482
01-07-1979,0,1.948148148,1.062941111,2.94522,7.42217,-0.950692147,0.389259259
01-10-1979,0,2.014814815,1.148102222,2.11121,1.15376,-1.931791566,0.540740741
01-01-1980,0,2.177777778,1.165081111,2.42151,3.62007,-2.030289523,0.193333333
01-04-1980,1,2.366666667,1.021835556,0.26919,-2.8507,0.464681372,-0.415555556
01-07-1980,1,2.488888889,0.894915556,2.11382,15.43544,1.450817862,0.08962963
01-10-1980,0,2.5,0.827334444,4.51863,9.11721,-1.878084231,0.431481482
01-01-1981,0,2.47037037,0.85046,4.64399,-1.4669,-2.182138719,0.882592593
01-04-1981,0,2.47037037,0.84842,1.22674,2.96088,-1.958810841,0.191481482
01-07-1981,0,2.559259259,0.721736667,3.10122,-5.61067,-1.019801116,-0.331481481
01-10-1981,1,2.718518518,0.588827778,0.61979,-3.25257,1.804297428,-0.394814815
01-01-1982,1,2.944444444,0.439903333,-0.19861,-7.80476,0.866469221,-0.34037037
01-04-1982,1,3.12962963,0.452235556,1.76129,-0.60403,0.89047619,-0.286666667
01-07-1982,1,3.333333334,0.387628889,1.03092,-0.89259,3.43875,-0.548888889
01-10-1982,1,3.437037038,0.234672222,1.07652,21.05111,2.493114754,-0.651111111
01-01-1983,0,3.462962963,0.1702,2.08231,9.23493,2.157142857,-0.244814815
01-04-1983,0,3.318518519,0.244405556,3.03549,11.74453,1.823809524,0.019259259
01-07-1983,0,3.114814814,0.347842222,3.08286,2.0258,2.11171875,0.086296296
01-10-1983,0,2.862962963,0.376873333,2.86045,-1.18643,2.532833333,0.098148148
01-01-1984,0,2.648148148,0.37328,2.987,-4.37743,2.408709677,0.121851852
01-04-1984,0,2.525925926,0.358898889,2.5984,-3.85652,3.026031746,0.217777778
01-07-1984,0,2.462962963,0.297157778,1.86176,2.78496,2.127460317,-0.046666667
01-10-1984,0,2.440740741,0.294405556,1.57436,2.72449,2.595737705,-0.231111111
01-01-1985,0,2.425925926,0.29886,1.96736,8.15211,3.121833333,-0.385185185
01-04-1985,0,2.414814815,0.272152222,1.52994,4.51245,3.103015873,-0.151851852
01-07-1985,0,2.392592593,0.283424444,2.13943,2.38594,2.995238095,-0.041481481
01-10-1985,0,2.362962963,0.240115556,1.30668,3.53231,2.366129032,-0.010740741
01-01-1986,0,2.359259259,0.116952222,1.43561,12.12713,1.448,-0.108888889
01-04-1986,0,2.351851852,0.071615556,0.83068,9.67724,1.27703125,-0.210740741
01-07-1986,0,2.32962963,0.091504444,1.37127,-0.7154,1.62140625,-0.173333333
01-10-1986,0,2.266666667,0.279701111,1.08424,-0.16586,1.761935484,-0.077777778
01-01-1987,0,2.188888889,0.337651111,1.38545,14.26498,1.495737705,0.049259259
01-04-1987,0,2.096296296,0.377922222,1.77893,3.84064,2.503650794,0.064074074
01-07-1987,0,2.011111111,0.347532222,1.63114,7.71929,2.63078125,0.077407407
01-10-1987,0,1.948148148,0.308351111,2.52713,-20.43321,3.058225806,0.001481481
01-01-1988,0,1.888888889,0.317884444,1.30547,1.95803,2.508548387,0.034814815
01-04-1988,0,1.848148148,0.349626667,2.29954,2.84158,2.503174603,0.118518519
01-07-1988,0,1.807407407,0.384303333,1.78802,1.47368,1.8553125,0.200740741
01-10-1988,0,1.777777778,0.383073333,2.20855,1.89034,0.959836066,0.254074074
01-01-1989,0,1.751851852,0.427214444,2.06952,5.75366,0.355901639,0.193703704
01-04-1989,0,1.740740741,0.392707778,1.83642,7.91554,0.05484375,0.068148148
01-07-1989,0,1.759259259,0.379434444,1.47711,8.4136,-0.005873016,-0.092222222
01-10-1989,0,1.766666667,0.391096667,0.91078,0.39024,-0.000967742,-0.164074074
01-01-1990,0,1.777777778,0.414146667,2.18303,-3.45244,0.397419355,-0.093333333
01-04-1990,0,1.814814815,0.493108889,1.487,2.9323,0.663333333,-0.05037037
01-07-1990,0,1.907407407,0.4905,0.92429,-4.66928,0.975873016,-0.056296296
01-10-1990,1,2.048148148,0.463637778,-0.17262,-7.17917,1.186612903,-0.201851852
01-01-1991,1,2.174074074,0.337678889,0.50702,12.59414,1.8115,-0.255185185
01-04-1991,0,2.255555556,0.233713333,1.51916,8.61947,2.38921875,-0.233333333
01-07-1991,0,2.311111111,0.242835556,1.29063,2.02313,2.4040625,-0.178888889
01-10-1991,0,2.37037037,0.252171111,0.94431,1.5122,2.665322581,-0.204444444
01-01-1992,0,2.451851852,0.252948889,1.57333,7.8938,3.30483871,-0.208148148
01-04-1992,0,2.511111111,0.245581111,1.69196,-1.91383,3.607936508,-0.173333333
01-07-1992,0,2.511111111,0.267615556,1.48171,1.18674,3.46765625,-0.10962963
01-10-1992,0,2.459259259,0.262982222,1.73851,2.72319,3.596612903,-0.081111111
01-01-1993,0,2.396296296,0.258416667,0.7283,5.55932,3.23295082,-0.028518519
01-04-1993,0,2.333333333,0.212493333,1.18108,0.51685,2.952857143,0.002592593
01-07-1993,0,2.277777778,0.223758889,1.07446,2.92182,2.545,-0.005555556
01-10-1993,0,2.222222222,0.199328889,1.91279,2.61105,2.483064516,0.023703704
01-01-1994,0,2.155555556,0.211041111,1.45306,1.37327,2.755483871,0.097777778
01-04-1994,0,2.085185185,0.221865556,1.84493,-4.40163,2.977741935,0.166296296
01-07-1994,0,1.981481481,0.230715556,1.1611,1.86367,2.71890625,0.217037037
01-10-1994,0,1.9,0.249207778,1.69434,-0.37216,2.393278689,0.207777778
01-01-1995,0,1.862962963,0.237114444,0.8987,4.06104,1.55483871,0.17037037
01-04-1995,0,1.866666667,0.228447778,0.78045,8.47225,0.828253968,0.07
01-07-1995,0,1.877777778,0.20741,1.34716,9.08467,0.796666667,-0.01
01-10-1995,0,1.862962963,0.215374444,1.16438,5.00185,0.477741935,-0.072962963
01-01-1996,0,1.844444444,0.254907778,1.23359,6.00771,0.837903226,-0.061481482
01-04-1996,0,1.811111111,0.258275556,2.089,4.97007,1.55875,-0.045925926
01-07-1996,0,1.788888889,0.256014444,1.22706,-1.10019,1.53421875,-0.009259259
01-10-1996,0,1.759259259,0.228168889,1.57861,8.86804,1.24483871,0.003703704
01-01-1997,0,1.72962963,0.189751111,1.2456,6.92125,1.369166667,0.024074074
01-04-1997,0,1.677777778,0.14877,1.86747,3.43086,1.5071875,0.028148148
01-07-1997,0,1.614814815,0.140962222,1.69035,13.99674,1.05578125,0.025555556
01-10-1997,0,1.574074074,0.138351111,1.18996,3.08222,0.676612903,-0.00037037
01-01-1998,0,1.522222222,0.119375556,1.14732,6.54322,0.402295082,-0.003703704
01-04-1998,0,1.507407407,0.116458889,1.16415,7.75517,0.477619048,0.002962963
01-07-1998,0,1.485185185,0.145692222,1.68788,-4.38208,0.24703125,-0.073333333
01-10-1998,0,1.474074074,0.14973,1.89554,1.77819,0.299032258,-0.085185185
01-01-1999,0,1.444444444,0.175947778,1.26631,12.60598,0.475245902,-0.087407407
01-04-1999,0,1.422222222,0.206373333,1.21687,5.64823,0.9575,0.025925926
01-07-1999,0,1.396296296,0.247715556,1.68394,0.66519,1.0878125,0.063703704
01-10-1999,0,1.37037037,0.274474444,2.20451,3.57791,0.937258065,0.103333333
01-01-2000,0,1.337037037,0.279,1.03039,7.92719,0.763809524,0.131111111
01-04-2000,0,1.32962963,0.29858,2.45488,-1.85328,0.288888889,0.134814815
01-07-2000,0,1.314814815,0.267846667,0.68742,2.90481,-0.312222222,0.088518519
01-10-2000,0,1.348148148,0.287037778,1.13953,-8.48388,-0.629516129,-0.075555556
01-01-2001,0,1.392592593,0.263404444,0.33047,-7.34229,0.110806452,-0.243703704
01-04-2001,1,1.496296296,0.215555556,1.22986,-2.95544,1.535555556,-0.330740741
01-07-2001,1,1.637037037,0.10093,-0.00925,-6.20981,1.712131148,-0.384444444
01-10-2001,1,1.781481481,0.058495556,0.58921,-3.51956,2.812419355,-0.288148148
01-01-2002,0,1.892592593,0.11449,1.15412,2.72492,3.324833333,-0.194074074
01-04-2002,0,1.918518518,0.182677778,0.96407,-4.26454,3.35984375,-0.043703704
01-07-2002,0,1.937037037,0.212891111,0.88708,-16.30953,2.59859375,-0.032222222
01-10-2002,0,1.940740741,0.239807778,0.7046,-1.21688,2.638870968,-0.055555556
01-01-2003,0,1.985185185,0.161781111,1.01882,-2.63017,2.745245902,-0.054814815
01-04-2003,0,2.014814815,0.179044444,1.2407,9.56988,2.561746032,-0.047407407
01-07-2003,0,2.011111111,0.106941111,2.24439,8.12099,3.27984375,-0.028148148
01-10-2003,0,1.962962963,0.219146667,1.77722,6.46636,3.35,-0.027037037
01-01-2004,0,1.903703704,0.223483333,1.28449,7.46078,3.076290323,-0.000740741
01-04-2004,0,1.859259259,0.252171111,1.5882,-0.89488,3.500967742,0.048518519
01-07-2004,0,1.82962963,0.27745,1.58916,-1.89622,2.7875,0.105185185
01-10-2004,0,1.796296296,0.246281111,1.80334,6.1296,2.128387097,0.162222222
01-01-2005,0,1.759259259,0.25051,1.9164,2.87639,1.71442623,0.167777778
01-04-2005,0,1.707407407,0.299496667,1.21694,-0.52662,1.231875,0.167777778
01-07-2005,0,1.67037037,0.346993333,1.70233,4.67456,0.776875,0.167777778
01-10-2005,0,1.62962963,0.329766667,1.38147,0.63555,0.574590164,0.168148148
01-01-2006,0,1.592592593,0.261742222,2.06358,5.13494,0.070483871,0.160740741
01-04-2006,0,1.555555555,0.26302,1.13436,-0.0296,0.242539683,0.140740741
01-07-2006,0,1.522222222,0.159584444,0.84898,-0.2544,-0.141587302,0.087777778
01-10-2006,0,1.507407407,0.16825,1.22112,7.94735,-0.401129032,0.038888889
01-01-2007,0,1.492592593,0.189197778,1.25425,3.12568,-0.435,0.00037037
01-04-2007,0,1.518518519,0.305106667,1.31145,5.16173,-0.0259375,-0.019259259
01-07-2007,0,1.551851852,0.332466667,1.12508,-0.78995,0.304126984,-0.084444445
01-10-2007,0,1.607407407,0.326982222,1.03639,0.46789,0.775,-0.23037037
01-01-2008,1,1.681481481,0.401196667,-0.0579,-9.81255,1.560819672,-0.331851852
01-04-2008,1,1.814814815,0.436223333,1.08226,2.12986,2.23140625,-0.284074074
01-07-2008,1,2.022222222,0.061403333,0.22399,-8.16303,2.341875,-0.296666667
01-10-2008,1,2.348148148,-0.159575556,-1.95175,-28.28075,2.922903226,-0.211481481
01-01-2009,1,2.714814815,-0.271811111,-1.21375,-10.92292,2.523934426,-0.195555555
01-04-2009,1,3.022222222,0.078253333,-0.34416,11.3771,3.14952381,-0.038888889
01-07-2009,0,3.207407407,0.241675556,0.47038,12.26114,3.3578125,-0.007037037
01-10-2009,0,3.266666667,0.200202222,1.40057,9.40129,3.403548387,-0.005185185
01-01-2010,0,3.266666667,0.100684444,0.77374,3.89747,3.608032787,0.004074074
01-04-2010,0,3.214814815,0.046264444,1.46013,1.61956,3.34421875,0.007407407
01-07-2010,0,3.177777778,0.118622222,1.0775,-3.64537,2.6296875,0.005925926
01-10-2010,0,3.111111111,0.241121111,1.10864,10.66467,2.738870968,-0.004074074
01-01-2011,0,3.066666667,0.334883333,0.27416,8.52857,3.330645161,-0.01037037
01-04-2011,0,3.011111111,0.317366667,1.34249,1.3587,3.156190476,-0.011481481
01-07-2011,0,2.966666667,0.248664444,0.57944,-7.52063,2.38921875,-0.009259259
01-10-2011,0,2.877777778,0.184904444,1.24355,-0.52141,2.031967213,0.001111111
01-01-2012,0,2.788888889,0.135907778,1.43008,10.4397,1.969354839,0.007777778
01-04-2012,0,2.722222222,0.136193333,0.86071,-0.33088,1.7375,0.007777778
01-07-2012,0,2.67037037,0.147502222,0.69358,3.53078,1.53968254,0.006296296
01-10-2012,0,2.618518518,0.168707778,0.61795,1.30522,1.617377049,-0.001111111
01-01-2013,0,2.562962963,0.106378889,1.27076,7.41255,1.864666667,-0.002962963
01-04-2013,0,2.5,0.092588889,0.42396,6.10045,1.9346875,-0.008518519
01-07-2013,0,2.411111111,0.089013333,1.2666,4.60252,2.674375,-0.006296296
01-10-2013,0,2.314814815,0.170377778,1.31302,5.74769,2.684032258,-0.004814815
01-01-2014,0,2.2,0.169293333,0.06518,3.9946,2.716065574,0.001111111
01-04-2014,0,2.103703704,0.156633333,1.85731,3.05881,2.587936508,0.00037037
01-07-2014,0,1.996296296,0.05983,1.60642,3.64173,2.473125,0.002962963
01-10-2014,0,1.922222222,-0.071098889,0.61608,1.30136,2.253387097,0.001851852
01-01-2015,0,1.851851852,-0.023752222,0.77753,3.14658,1.944262295,0.003703704
01-04-2015,0,1.785185185,0.045818889,1.12476,2.00133,2.14609375,0.004074074
01-07-2015,0,1.72962963,0.116897778,0.62248,-3.71966,2.18046875,0.005555555
01-10-2015,0,1.67037037,0.034226667,0.13721,0.58475,2.065,0.026296296
01-01-2016,0,1.651851852,0.081124444,0.50855,-5.63745,1.623770492,0.026296296
01-04-2016,0,1.637037037,0.129128889,1.01117,6.84319,1.49078125,0.026296296
01-07-2016,0,1.622222222,0.206558889,0.88032,4.60064,1.26609375,0.01
01-10-2016,0,1.581481482,0.195887778,1.02571,1.49432,1.705409836,0.036296296
01-01-2017,0,1.522222222,0.161544444,0.94977,6.59796,1.840483871,0.061481481
01-04-2017,0,1.474074074,0.144128889,0.81633,2.81728,1.352857143,0.078148148
01-07-2017,0,1.42962963,0.154327778,1.33332,2.70623,1.187460317,0.055925926
01-10-2017,0,1.392592593,0.235134444,1.70154,5.63565,1.14483871,0.055185185
01-01-2018,0,1.348148148,0.242508889,1.31058,4.72956,1.176393443,0.064814815
01-04-2018,0,1.303703704,0.198765556,1.56142,-0.66061,1.0459375,0.08
01-07-2018,0,1.281481481,0.150374444,1.06047,5.43511,0.849206349,0.085925926
01-10-2018,0,1.274074074,0.120793333,0.63803,-6.09392,0.68442623,0.074074074
01-01-2019,0,1.259259259,0.15533,0.93095,1.08056,0.21442623,0.052592593
01-04-2019,0,1.237037037,0.147752222,1.23429,5.6262,-0.015873016,-0.003333333
01-07-2019,0,1.207407407,0.195057778,1.21938,2.21202,-0.228125,-0.084444445
01-10-2019,0,1.225925926,0.155308889,0.81132,4.01669,0.184354839,-0.126296296
01-01-2020,1,2.262962963,0.010848889,-0.77626,-1.16762,0.260967742,-0.236666667
01-04-2020,1,2.844444445,0.059387778,-8.82764,-4.60304,0.545396825,-0.172222222
01-07-2020,0,3.174074074,0.097328889,8.78811,14.04445,0.5371875,-0.13
01-10-2020,0,2.422222222,0.3186,1.60224,8.43589,0.771612903,0.002222222
01-01-2021,0,2.1,0.395067778,2.80651,10.53875,1.284754098,-0.002592593
01-04-2021,0,1.918518518,0.496822222,3.28533,7.53339,1.565625,0
01-07-2021,0,1.696296296,0.619297778,2.18461,5.1499,1.27515625,0
01-10-2021,0,1.459259259,0.662732222,3.39145,3.71596,1.479193548,0.005555556
01-01-2022,0,1.288888889,0.742644444,1.60728,-4.08296,1.641774194,0.075555556
01-04-2022,0,1.218518519,0.656624444,2.0533,-8.52256,1.828870968,0.234444444
01-07-2022,0,1.196296296,0.523876667,1.88314,-2.91799,0.34765625,0.392592593
01-10-2022,0,1.185185185,0.369258889,1.60959,-3.38433,-0.360655738,0.416296296
01-01-2023,0,1.183333333,0.327501667,,3.91445,-1.135483871,0.387777778
